{"cameraMode":{"drawMode":0,"name":"Shaded","section":"Shading Mode"},"sceneLighting":true,"audioPlay":false,"sceneViewState":{"showFog":false,"showMaterialUpdate":false,"showSkybox":false,"showFlares":false,"showImageEffects":false,"showParticleSystems":false},"in2DMode":false,"pivot":{"x":-17.959753036499025,"y":7.650543212890625,"z":1.7065582275390626},"rotation":{"x":0.1196933388710022,"y":0.0732104554772377,"z":-0.008850611746311188,"w":0.9900717735290527},"size":21.584728240966798,"orthographic":false}